id,prediction
0_20151001,285580.83217207366
0_20151002,332532.1625921993
0_20151003,400532.21406599926
0_20151004,399069.9745255692
0_20151005,311822.41059011116
0_20151006,286841.4579636639
0_20151007,277916.6418821259
0_20151008,278541.9909596193
0_20151009,309119.92491883726
0_20151010,374682.9579508571
0_20151011,396278.2923848679
0_20151012,306561.4646319516
0_20151013,278350.8509074841
0_20151014,273736.35573586484
0_20151015,277605.5668874783
0_20151016,292806.8558322499
0_20151017,371145.6537943408
0_20151018,382944.2009084229
0_20151019,286128.8638514838
0_20151020,254256.48878638798
0_20151021,247475.84130025952
0_20151022,247215.0394027847
0_20151023,279989.78972684557
0_20151024,349451.176055357
0_20151025,358988.4872948081
0_20151026,272094.80127987615
0_20151027,246121.31725105975
0_20151028,240951.28541945398
0_20151029,241540.66124580704
0_20151030,294965.05625716154
0_20151031,332646.85754418385
0_20151101,381286.7441983064
0_20151102,316745.83732246235
0_20151103,295754.3806793852
0_20151104,267847.0574447536
0_20151105,273333.7459294209
0_20151106,297186.42522341653
0_20151107,380025.45017621235
0_20151108,390538.16947346553
0_20151109,295985.3042702768
0_20151110,257516.4095678474
0_20151111,273935.07620444935
0_20151112,255818.60354984435
0_20151113,278336.7061507197
0_20151114,364602.13219559524
0_20151115,382368.7288915951
0_20151116,277688.3513223188
0_20151117,246225.8348707558
0_20151118,240555.849404789
0_20151119,238210.10125435633
0_20151120,276718.32200016663
0_20151121,357605.3569011026
0_20151122,352498.0675801325
0_20151123,265247.6292129646
0_20151124,258559.11813864906
0_20151125,279309.8997070639
0_20151126,178048.7930902029
0_20151127,227637.74525518453
0_20151128,289913.358237454
0_20151129,308353.2425814822
0_20151130,265800.4989041808
0_20151201,268500.11803712166
0_20151202,258263.64276444798
0_20151203,284277.84895673144
0_20151204,312717.7536162088
0_20151205,375508.2523346535
0_20151206,371131.94965863053
0_20151207,286187.2025415219
0_20151208,265640.5107018125
0_20151209,267603.6949222677
0_20151210,257367.0297425221
0_20151211,266003.9565616545
0_20151212,346673.8139309286
0_20151213,362686.0308378045
0_20151214,317709.6838544129
0_20151215,272143.87303908676
0_20151216,259708.12924556131
0_20151217,256379.52091933493
0_20151218,263028.9864079787
0_20151219,325834.40917578875
0_20151220,332681.1977147999
0_20151221,280213.9224168904
0_20151222,265175.51353755617
0_20151223,276558.8539826697
0_20151224,249734.14660006698
0_20151225,0.0
0_20151226,295198.8779620261
0_20151227,271244.5397327062
0_20151228,258126.12565279426
0_20151229,242146.6025893769
0_20151230,251172.05445614783
0_20151231,267711.0672629992
10_20151001,21494.931261157155
10_20151002,25969.52541912646
10_20151003,30881.050839547293
10_20151004,30525.148312291796
10_20151005,23573.25232441454
10_20151006,21766.552789623645
10_20151007,19651.65820987707
10_20151008,21553.867470991856
10_20151009,25256.827551367587
10_20151010,27780.860933930482
10_20151011,31465.150100493174
10_20151012,24855.572355676035
10_20151013,22711.105104575367
10_20151014,23109.10784453207
10_20151015,23204.58377987364
10_20151016,23981.115377292736
10_20151017,28272.529254685138
10_20151018,28119.433434353847
10_20151019,20317.60777989967
10_20151020,18015.83765786397
10_20151021,17235.910308014532
10_20151022,17561.867339264532
10_20151023,21495.742857431036
10_20151024,24970.498193067397
10_20151025,24552.215517400004
10_20151026,18729.83863372521
10_20151027,17005.5048505725
10_20151028,16452.282059453595
10_20151029,15995.166360541545
10_20151030,23826.477870490242
10_20151031,29192.779319382094
10_20151101,26888.430692459395
10_20151102,28645.594164168684
10_20151103,24636.782297394468
10_20151104,20105.842717104155
10_20151105,21815.87484653693
10_20151106,23463.52642176728
10_20151107,29126.34058783135
10_20151108,30515.199828161676
10_20151109,22074.879680443606
10_20151110,18843.344436976644
10_20151111,21018.3527045426
10_20151112,21010.33745320627
10_20151113,23205.491707106532
10_20151114,29185.11350787138
10_20151115,30156.39405688706
10_20151116,21155.320275587394
10_20151117,18960.424172154773
10_20151118,17407.885244891568
10_20151119,17366.945216994052
10_20151120,21988.736552755
10_20151121,25704.04047299534
10_20151122,24526.936923994774
10_20151123,18913.813777468793
10_20151124,19049.867415035864
10_20151125,21061.294591976603
10_20151126,17149.793241679978
10_20151127,19100.057135621417
10_20151128,22178.984243344494
10_20151129,22618.137484243332
10_20151130,19179.666656993293
10_20151201,19943.90851682397
10_20151202,21746.752033015793
10_20151203,24808.79664772266
10_20151204,22752.598076860402
10_20151205,28782.76734098473
10_20151206,29674.54679266169
10_20151207,20579.99542043905
10_20151208,20699.726308983332
10_20151209,21289.4907976268
10_20151210,19175.831602565275
10_20151211,23030.9260096672
10_20151212,28886.223734043684
10_20151213,26578.348276965593
10_20151214,25827.820747093374
10_20151215,22210.98057661096
10_20151216,19080.423707508304
10_20151217,18490.562190168243
10_20151218,20579.623401302928
10_20151219,24478.736356562924
10_20151220,23691.88835626165
10_20151221,20017.84809974366
10_20151222,19575.050476155404
10_20151223,22127.386060549317
10_20151224,19822.987804435266
10_20151225,0.0
10_20151226,23815.71467919954
10_20151227,21539.12712104025
10_20151228,20081.242680105126
10_20151229,18208.105163830023
10_20151230,19484.00583725146
10_20151231,21332.01081917289
1_20151001,33031.17314100345
1_20151002,41080.213184141045
1_20151003,49027.2979694363
1_20151004,50470.810538009486
1_20151005,37756.65164597908
1_20151006,33619.13351191665
1_20151007,32905.845558168985
1_20151008,32334.92238261872
1_20151009,36052.892648516194
1_20151010,46277.298630840734
1_20151011,49435.6299435641
1_20151012,36168.4660333347
1_20151013,30978.85353679278
1_20151014,29424.308462322395
1_20151015,29129.495239429463
1_20151016,34036.32350910093
1_20151017,46095.13891885951
1_20151018,49722.060362717246
1_20151019,35141.5951638446
1_20151020,29587.764704918573
1_20151021,28712.76521345732
1_20151022,28357.35914188796
1_20151023,34125.01207641343
1_20151024,44316.50093248136
1_20151025,46644.315412517106
1_20151026,34518.390499139554
1_20151027,29094.434669140774
1_20151028,28319.704793086927
1_20151029,28202.216616266945
1_20151030,35216.38194600688
1_20151031,40960.83466043797
1_20151101,50017.44367699543
1_20151102,39589.63904157122
1_20151103,34031.936581332884
1_20151104,32254.328995192103
1_20151105,31792.193468355592
1_20151106,35454.72628020114
1_20151107,47730.15116829387
1_20151108,49812.33218181658
1_20151109,36258.38299756146
1_20151110,30632.736869923603
1_20151111,30952.157073101847
1_20151112,26922.38743250887
1_20151113,32094.120760966365
1_20151114,43879.42718685796
1_20151115,47818.80417605735
1_20151116,33712.5510910865
1_20151117,28427.38971659101
1_20151118,27406.485679397865
1_20151119,26997.944775334643
1_20151120,34349.13430594531
1_20151121,47057.751340493705
1_20151122,46919.41373922941
1_20151123,34356.14911056086
1_20151124,33330.80212795445
1_20151125,36250.443738601105
1_20151126,17742.410001883076
1_20151127,26482.803380583602
1_20151128,35871.238734292856
1_20151129,40971.77422432763
1_20151130,33966.649161910886
1_20151201,30975.114448870903
1_20151202,28952.294051544555
1_20151203,32114.490356487167
1_20151204,40009.780922731836
1_20151205,47479.96184067321
1_20151206,46744.13837188215
1_20151207,36020.535138193765
1_20151208,32073.21674846224
1_20151209,31668.277119522154
1_20151210,30157.022309120443
1_20151211,30297.184730828656
1_20151212,42039.86435555629
1_20151213,47025.21910758176
1_20151214,39275.59275780108
1_20151215,30828.61500562626
1_20151216,30971.099528138086
1_20151217,30039.628898539624
1_20151218,31938.421519217078
1_20151219,42508.09464960552
1_20151220,45934.49401747521
1_20151221,36969.25523498137
1_20151222,34675.86452016467
1_20151223,35107.02614665427
1_20151224,29550.51616874234
1_20151225,0.0
1_20151226,36283.83040135863
1_20151227,35605.251883736826
1_20151228,33243.521096053504
1_20151229,28437.0580744191
1_20151230,30677.167323156864
1_20151231,32626.428614895565
2_20151001,26583.540052528122
2_20151002,33386.19837152748
2_20151003,43777.721499339
2_20151004,41991.668251961426
2_20151005,27621.44197540186
2_20151006,26140.86345546193
2_20151007,26181.47578722895
2_20151008,25713.32866775447
2_20151009,30214.983363906307
2_20151010,42594.779729776536
2_20151011,42672.732185798086
2_20151012,25101.17714583683
2_20151013,25197.108349121176
2_20151014,25151.0091528392
2_20151015,25705.25903288825
2_20151016,30097.032452410076
2_20151017,42819.79726909362
2_20151018,42748.77601888022
2_20151019,26499.221141985574
2_20151020,24757.361812270025
2_20151021,25042.148876835392
2_20151022,25064.41643900052
2_20151023,29949.894837123797
2_20151024,41436.25488202886
2_20151025,41387.546111104326
2_20151026,25921.972395638662
2_20151027,24697.660506002612
2_20151028,24736.913109225246
2_20151029,24745.67779428964
2_20151030,30957.808501526273
2_20151031,36640.04342988001
2_20151101,41361.85657839112
2_20151102,27296.945339380985
2_20151103,26069.294991574814
2_20151104,25186.79336929424
2_20151105,25272.394519797766
2_20151106,29109.34646357047
2_20151107,41231.63712084542
2_20151108,41194.99832447178
2_20151109,26507.51746902094
2_20151110,24630.11441230643
2_20151111,24418.290456000268
2_20151112,24083.586425106474
2_20151113,28319.886202549536
2_20151114,40662.61256870543
2_20151115,40725.41375222535
2_20151116,25529.133887691103
2_20151117,24012.336000780677
2_20151118,24260.516547131847
2_20151119,23910.04845302627
2_20151120,28565.113615547132
2_20151121,39947.61005276507
2_20151122,38792.89868552779
2_20151123,25211.406179343645
2_20151124,24402.637267935694
2_20151125,25528.25016174737
2_20151126,15171.118779373392
2_20151127,24870.58000199519
2_20151128,33327.08703451003
2_20151129,34219.28767862901
2_20151130,26212.627850709665
2_20151201,24761.82498615651
2_20151202,24461.725919547072
2_20151203,26859.704458940923
2_20151204,33473.405045235064
2_20151205,40107.56896594394
2_20151206,37937.554383086754
2_20151207,26519.27305657561
2_20151208,24749.997179377766
2_20151209,25112.25452532838
2_20151210,25439.024713716277
2_20151211,26855.245311123716
2_20151212,38748.124075723186
2_20151213,41087.86726868895
2_20151214,28747.095439223842
2_20151215,24758.648086812493
2_20151216,25044.496855198682
2_20151217,24837.26057471632
2_20151218,27623.787832906582
2_20151219,36439.70200962777
2_20151220,37812.17123426146
2_20151221,27290.3824027665
2_20151222,25211.859422171383
2_20151223,26850.91398949721
2_20151224,23140.781155577715
2_20151225,0.0
2_20151226,30859.51784900056
2_20151227,28723.560305070452
2_20151228,26361.232565146096
2_20151229,24088.729890799907
2_20151230,24561.622382481324
2_20151231,25329.915691574308
3_20151001,47563.175972885336
3_20151002,51987.44957309436
3_20151003,63257.263779483364
3_20151004,67387.36353769452
3_20151005,53962.5527223341
3_20151006,48957.26482452598
3_20151007,47458.79499351325
3_20151008,46846.02499861523
3_20151009,48071.15416453748
3_20151010,59467.64584569838
3_20151011,64927.56235804559
3_20151012,51016.078131911476
3_20151013,46556.25830509517
3_20151014,43330.61864584019
3_20151015,42358.441004488945
3_20151016,44309.028241113
3_20151017,57824.94748866707
3_20151018,64829.85334933121
3_20151019,50708.58396529192
3_20151020,44499.19871113195
3_20151021,41480.34188295003
3_20151022,40396.022421225556
3_20151023,43150.696189132876
3_20151024,55353.102858399914
3_20151025,61428.64440113874
3_20151026,48508.58778835743
3_20151027,42560.32163140104
3_20151028,40036.42855497783
3_20151029,39583.73499390471
3_20151030,42951.88237391121
3_20151031,46302.81694177757
3_20151101,65103.206531487645
3_20151102,53343.04958870967
3_20151103,48042.29608115343
3_20151104,45414.6944490296
3_20151105,44441.95848210375
3_20151106,45518.86168989677
3_20151107,59950.2564547813
3_20151108,65037.03818058359
3_20151109,51362.66857437666
3_20151110,44853.37684962528
3_20151111,46469.003091210754
3_20151112,39176.13699423266
3_20151113,41005.220616060644
3_20151114,55018.4830110949
3_20151115,61729.33148921101
3_20151116,47813.61856913424
3_20151117,41116.48129370013
3_20151118,38153.032425134756
3_20151119,36832.151013655726
3_20151120,41459.49340141927
3_20151121,56768.01741568194
3_20151122,60394.271479614144
3_20151123,46850.405634647635
3_20151124,44276.37208033402
3_20151125,45895.11964398975
3_20151126,25621.98326395363
3_20151127,33903.62906012827
3_20151128,45199.181018211784
3_20151129,51448.6470888898
3_20151130,46223.34074771893
3_20151201,45334.00018890452
3_20151202,40614.98727693438
3_20151203,42795.456750248035
3_20151204,48119.05453933177
3_20151205,58734.96315210676
3_20151206,60043.787773300726
3_20151207,49583.64252260885
3_20151208,45330.49294963603
3_20151209,43218.21182526654
3_20151210,42386.767948794506
3_20151211,36938.588243357255
3_20151212,50267.6415943886
3_20151213,55806.37732810292
3_20151214,50143.29864955562
3_20151215,41167.97453934457
3_20151216,39877.283523249345
3_20151217,39406.8935289227
3_20151218,39087.83570107352
3_20151219,48583.59725379511
3_20151220,52559.482861093034
3_20151221,46807.72687139896
3_20151222,42963.96008902051
3_20151223,40638.31622195986
3_20151224,35962.9673672967
3_20151225,0.0
3_20151226,47829.738480792825
3_20151227,46372.553943050705
3_20151228,43143.452545570544
3_20151229,41089.54296984985
3_20151230,39371.80800463902
3_20151231,39671.79503763041
4_20151001,19537.205155682652
4_20151002,21394.847959620016
4_20151003,24025.877084704076
4_20151004,24606.280450959683
4_20151005,21119.2381625079
4_20151006,19763.09502799872
4_20151007,19248.122027531695
4_20151008,19061.674657441654
4_20151009,20064.89219258474
4_20151010,22449.704286591234
4_20151011,23992.06734412927
4_20151012,20201.92565134452
4_20151013,19555.8480484676
4_20151014,18456.755605335908
4_20151015,18982.428311063453
4_20151016,19004.072953025792
4_20151017,21923.959879511458
4_20151018,23760.745264146626
4_20151019,20514.73766810444
4_20151020,18612.00204260495
4_20151021,17772.953511605236
4_20151022,17984.73746609393
4_20151023,18504.719398133322
4_20151024,21422.90812476048
4_20151025,22937.972585503743
4_20151026,19836.901033795366
4_20151027,18273.815131206546
4_20151028,17437.72402170682
4_20151029,17628.3896366132
4_20151030,18805.148212649292
4_20151031,20667.65016019525
4_20151101,24579.255814125285
4_20151102,20916.43163797424
4_20151103,20119.80227335881
4_20151104,18910.73714409046
4_20151105,18944.000226517488
4_20151106,19229.419166809967
4_20151107,22975.847956878748
4_20151108,24067.66000894362
4_20151109,20419.279264689754
4_20151110,18611.530138035218
4_20151111,19058.605629111782
4_20151112,17880.58264381065
4_20151113,17703.669674110966
4_20151114,21039.322483196363
4_20151115,23678.415199665884
4_20151116,19764.648684839693
4_20151117,18272.033150312505
4_20151118,17443.7366651951
4_20151119,17127.051514599243
4_20151120,17711.12255533464
4_20151121,21975.12411922568
4_20151122,22810.721329085172
4_20151123,19171.319935640968
4_20151124,18796.46927633304
4_20151125,19492.38919540125
4_20151126,11423.908143387982
4_20151127,15323.020498916301
4_20151128,17830.490250269555
4_20151129,19817.897524512173
4_20151130,19769.1966523567
4_20151201,19361.18244003954
4_20151202,17926.44978601714
4_20151203,18701.533710124517
4_20151204,19963.306002544643
4_20151205,22405.71143828138
4_20151206,22721.06481771314
4_20151207,19788.90335519861
4_20151208,18645.105542975147
4_20151209,18607.596877219854
4_20151210,17962.469661939507
4_20151211,16849.026859431036
4_20151212,20253.937588490488
4_20151213,22498.111257854554
4_20151214,20743.53451221611
4_20151215,18619.1795079496
4_20151216,18165.296863609616
4_20151217,17921.42887317663
4_20151218,16885.335629774847
4_20151219,19706.74155003225
4_20151220,21031.190517666182
4_20151221,20003.27961981847
4_20151222,18983.781157802125
4_20151223,19780.164694043626
4_20151224,18196.67544178748
4_20151225,0.0
4_20151226,18100.726019222893
4_20151227,17204.430176744696
4_20151228,17073.644486675425
4_20151229,15864.482647137453
4_20151230,16223.062006621254
4_20151231,17831.431082092997
5_20151001,23648.516012160035
5_20151002,25892.43178200651
5_20151003,32106.648668515827
5_20151004,32798.88880446754
5_20151005,25002.432125553485
5_20151006,23107.92892398594
5_20151007,22903.888273733577
5_20151008,22068.82150332927
5_20151009,24536.019644757507
5_20151010,30470.006854021303
5_20151011,33455.84707946812
5_20151012,26371.651336739273
5_20151013,23116.49092885729
5_20151014,22313.976815608617
5_20151015,23275.922928038337
5_20151016,23507.642390532103
5_20151017,30524.094107118948
5_20151018,32990.2603020382
5_20151019,24131.159872948927
5_20151020,21782.3745690807
5_20151021,21403.23885613149
5_20151022,21117.13729363149
5_20151023,22921.985160490258
5_20151024,29247.52179362661
5_20151025,31328.727786892836
5_20151026,23219.64569357074
5_20151027,21087.480647452874
5_20151028,20783.33042989292
5_20151029,20548.95061095308
5_20151030,22946.173259838873
5_20151031,28411.248300705105
5_20151101,32756.283885181896
5_20151102,24060.747841560955
5_20151103,22957.850082133387
5_20151104,21551.569042589446
5_20151105,22081.485264752795
5_20151106,23713.728403152905
5_20151107,31244.50006416565
5_20151108,32412.448612441112
5_20151109,23879.162067176934
5_20151110,21365.331545930665
5_20151111,22594.961560567524
5_20151112,21586.883893783895
5_20151113,22765.28194911741
5_20151114,29588.110170961892
5_20151115,32574.977518684773
5_20151116,22847.557829929316
5_20151117,20975.260284500608
5_20151118,21172.058960116785
5_20151119,20829.655551235453
5_20151120,22417.975111837444
5_20151121,30227.380530502483
5_20151122,31135.04080073454
5_20151123,21988.58651550464
5_20151124,21254.27642080654
5_20151125,23620.135998161724
5_20151126,19878.62308989602
5_20151127,19201.800930464597
5_20151128,24251.557907190734
5_20151129,26421.084648385287
5_20151130,22088.341087291705
5_20151201,22893.906838377326
5_20151202,21236.807515696622
5_20151203,22696.329277991776
5_20151204,24882.77604040403
5_20151205,31229.139698915184
5_20151206,31650.02481408283
5_20151207,23480.79587003164
5_20151208,21232.976545081696
5_20151209,22029.984980488578
5_20151210,21923.659021627976
5_20151211,22486.984219528258
5_20151212,28477.48839779403
5_20151213,31526.868556252753
5_20151214,26510.037200817384
5_20151215,23497.012692941167
5_20151216,22623.607132377332
5_20151217,22902.895391944345
5_20151218,22371.52219141332
5_20151219,27668.89404251066
5_20151220,29057.534539916793
5_20151221,23547.53772586811
5_20151222,22583.930231056707
5_20151223,24156.27511482025
5_20151224,22725.7976429821
5_20151225,0.0
5_20151226,24939.4213792041
5_20151227,23024.71125146388
5_20151228,22287.717822296592
5_20151229,21009.49543987922
5_20151230,21826.518774406755
5_20151231,22925.75929745781
6_20151001,27642.17047751033
6_20151002,30407.94665311949
6_20151003,37287.93761376502
6_20151004,38811.333299920494
6_20151005,30279.633190507197
6_20151006,26873.37482702014
6_20151007,26915.899552838022
6_20151008,25971.29813699419
6_20151009,29311.57076812698
6_20151010,36032.70510782947
6_20151011,39394.32101032311
6_20151012,32492.5791908247
6_20151013,26286.11932353833
6_20151014,25835.605264661055
6_20151015,26365.04980786207
6_20151016,28162.69945039937
6_20151017,35718.92358168429
6_20151018,38492.24359475339
6_20151019,29154.768510604372
6_20151020,24740.715897092887
6_20151021,24949.796762673894
6_20151022,24716.982293589022
6_20151023,27939.769662582457
6_20151024,34215.47548685285
6_20151025,37083.20182465988
6_20151026,28110.69023886325
6_20151027,24299.297960709664
6_20151028,24547.786185461195
6_20151029,24264.389741722698
6_20151030,27915.87705485278
6_20151031,33383.29738395253
6_20151101,37419.8857218906
6_20151102,29156.547609130772
6_20151103,26314.560467846364
6_20151104,24676.71740748985
6_20151105,25422.5984734032
6_20151106,27631.47598766986
6_20151107,34981.97292738579
6_20151108,37825.52291578301
6_20151109,29087.09027924058
6_20151110,24462.915979696696
6_20151111,27109.856829190277
6_20151112,24415.39776185887
6_20151113,26358.5565835024
6_20151114,33823.84585564352
6_20151115,37828.99498049651
6_20151116,28267.073540643312
6_20151117,24290.507802395052
6_20151118,24331.56159154472
6_20151119,23612.268734941863
6_20151120,26731.785292106266
6_20151121,34562.44958580022
6_20151122,36287.317494743365
6_20151123,27115.287391133745
6_20151124,25223.27003998394
6_20151125,29030.61315360622
6_20151126,20895.001575047
6_20151127,22034.864151264195
6_20151128,28535.198592633904
6_20151129,31199.96606863214
6_20151130,27116.330156135497
6_20151201,26064.479550046337
6_20151202,23599.77858882619
6_20151203,25999.497053851843
6_20151204,29179.819248178974
6_20151205,35455.79423251081
6_20151206,36887.719181791945
6_20151207,28442.710561900312
6_20151208,24930.204711099297
6_20151209,25583.3100444831
6_20151210,24951.258263952383
6_20151211,25643.137816866783
6_20151212,33156.575585397404
6_20151213,36819.251771380936
6_20151214,33075.067366047
6_20151215,27136.097450213827
6_20151216,26818.686548545353
6_20151217,27272.41356166077
6_20151218,26553.23828826682
6_20151219,32985.59230259681
6_20151220,34710.03150458091
6_20151221,29418.95424869709
6_20151222,27205.54528269263
6_20151223,28831.042063616023
6_20151224,27009.257399431055
6_20151225,0.0
6_20151226,30286.745025130414
6_20151227,27788.34660674077
6_20151228,27759.422591922856
6_20151229,26969.672041129255
6_20151230,27661.303071481172
6_20151231,28426.139353098286
7_20151001,30246.626324962566
7_20151002,33655.056390225705
7_20151003,39148.95304684457
7_20151004,38516.95532106175
7_20151005,33801.81220636345
7_20151006,30016.28997190719
7_20151007,29283.606670673962
7_20151008,29335.275168860157
7_20151009,31353.18289539536
7_20151010,36551.93344463191
7_20151011,38549.99505156141
7_20151012,32550.69043647577
7_20151013,29469.839406597068
7_20151014,28064.390998073777
7_20151015,29680.25376082107
7_20151016,29601.240183231115
7_20151017,36061.586471544244
7_20151018,37743.669450673784
7_20151019,31522.364597443335
7_20151020,26873.183178223662
7_20151021,25922.00832519404
7_20151022,26814.81577151477
7_20151023,28340.8328146565
7_20151024,34220.091847992524
7_20151025,35818.52846220166
7_20151026,29822.051281432185
7_20151027,25899.231701074965
7_20151028,25139.060020595534
7_20151029,26052.424167114965
7_20151030,28695.861149407203
7_20151031,33049.786580098276
7_20151101,38556.58468302152
7_20151102,34014.59974092681
7_20151103,30655.327122176775
7_20151104,28050.571407394433
7_20151105,28951.653242482687
7_20151106,30252.996269130945
7_20151107,36775.78564551006
7_20151108,37904.34435452009
7_20151109,32279.59576590297
7_20151110,26977.539883622892
7_20151111,28880.88189256853
7_20151112,26901.93844020935
7_20151113,27162.5384409514
7_20151114,34306.430573795034
7_20151115,36917.574087219546
7_20151116,30142.45719298166
7_20151117,25756.83522488227
7_20151118,25174.858166552774
7_20151119,25892.566335467887
7_20151120,27151.126496763965
7_20151121,34979.884526901704
7_20151122,35291.519371529146
7_20151123,28560.769306101
7_20151124,27396.699220475464
7_20151125,29081.410842649977
7_20151126,20126.775555352895
7_20151127,21850.454172115533
7_20151128,26596.823162083296
7_20151129,29379.334703418248
7_20151130,27511.28361150847
7_20151201,27440.073033770896
7_20151202,24761.64645302803
7_20151203,28220.640303872697
7_20151204,30539.748330381106
7_20151205,36794.26604183655
7_20151206,36270.72469792543
7_20151207,30510.813098403123
7_20151208,26211.592878396394
7_20151209,26469.011685540565
7_20151210,26249.466234184514
7_20151211,25865.549820030385
7_20151212,32792.74184270952
7_20151213,34700.505536080906
7_20151214,33043.3869094589
7_20151215,27613.1500475698
7_20151216,26490.210364645958
7_20151217,27407.738764232618
7_20151218,25937.029372410518
7_20151219,30878.252925335313
7_20151220,31249.725866252415
7_20151221,29489.935704871466
7_20151222,27293.956777857486
7_20151223,26990.72170494984
7_20151224,25919.527774700935
7_20151225,0.0
7_20151226,28876.5933578135
7_20151227,25661.219418093868
7_20151228,25706.158038033493
7_20151229,24739.811157170636
7_20151230,25720.728663185
7_20151231,27687.72915801841
8_20151001,23499.52022261028
8_20151002,30820.573535674917
8_20151003,37574.22779249271
8_20151004,34371.14488479121
8_20151005,23581.48121998525
8_20151006,23289.13551686025
8_20151007,22864.312207579424
8_20151008,22579.714760476694
8_20151009,28044.012102914785
8_20151010,35411.35214807921
8_20151011,33871.82402851216
8_20151012,23642.461207880082
8_20151013,23099.525932779485
8_20151014,23166.343252507762
8_20151015,23701.536570896515
8_20151016,27464.372350284408
8_20151017,36609.307377179175
8_20151018,33369.76107132472
8_20151019,22089.115762285423
8_20151020,21647.903774852493
8_20151021,21865.252495014247
8_20151022,22036.7975347289
8_20151023,27387.05274351925
8_20151024,35437.95206794315
8_20151025,31435.503152955785
8_20151026,21338.67920270856
8_20151027,21495.785038968577
8_20151028,21824.404523320285
8_20151029,21945.283849891206
8_20151030,29556.598763809678
8_20151031,33770.91401126579
8_20151101,33439.961821319055
8_20151102,23369.7262695519
8_20151103,23448.06171113012
8_20151104,21891.867942029374
8_20151105,22484.793381056978
8_20151106,28238.735128822787
8_20151107,36315.89936403921
8_20151108,33005.37171396653
8_20151109,21825.48321334451
8_20151110,20321.397019933836
8_20151111,22021.640453428343
8_20151112,21362.86368573437
8_20151113,26844.114142344228
8_20151114,35690.08365621479
8_20151115,33313.737633315344
8_20151116,21026.168922148256
8_20151117,20586.05400179067
8_20151118,21980.635309766934
8_20151119,22091.483022263586
8_20151120,29193.54626862782
8_20151121,36425.976287042635
8_20151122,30510.81908717899
8_20151123,20508.677587092065
8_20151124,21804.801267072802
8_20151125,25396.854859383675
8_20151126,14038.90027094486
8_20151127,22219.60007163666
8_20151128,31335.18213537345
8_20151129,28820.135528634695
8_20151130,22163.28488139857
8_20151201,23366.9505877896
8_20151202,23328.378576586856
8_20151203,25318.302882237076
8_20151204,32286.064011209975
8_20151205,37277.195335767225
8_20151206,32661.39637693688
8_20151207,22323.707320742586
8_20151208,21308.183135257186
8_20151209,22130.001447608156
8_20151210,21846.663943433967
8_20151211,25878.205320135396
8_20151212,34218.08100078952
8_20151213,33214.87194861703
8_20151214,25276.603146304366
8_20151215,22498.32994786717
8_20151216,22838.06516352508
8_20151217,23432.361012519537
8_20151218,27303.584990846615
8_20151219,35554.768205851986
8_20151220,31765.439176873264
8_20151221,23236.970413881794
8_20151222,23839.509675139325
8_20151223,27940.680248343713
8_20151224,24547.182655334615
8_20151225,0.0
8_20151226,30249.714355155164
8_20151227,24843.253457452785
8_20151228,22618.77547222433
8_20151229,22763.149238551792
8_20151230,24369.292520339888
8_20151231,26358.05926283408
9_20151001,32333.97355157375
9_20151002,37937.91972366331
9_20151003,43445.23577187113
9_20151004,39590.381124411266
9_20151005,35123.91501706428
9_20151006,33307.81911436347
9_20151007,30503.038600981006
9_20151008,33077.06321253707
9_20151009,36214.38958673036
9_20151010,37646.67096945789
9_20151011,38513.16328297288
9_20151012,34160.863141928225
9_20151013,31379.70197165987
9_20151014,34884.23969414386
9_20151015,35202.59645211652
9_20151016,32643.328924860365
9_20151017,35295.369445997305
9_20151018,31167.398060203657
9_20151019,26049.70938907555
9_20151020,23740.146438348773
9_20151021,23091.425068383345
9_20151022,23164.903701847998
9_20151023,26174.083987362632
9_20151024,28830.869868203856
9_20151025,26371.832040434005
9_20151026,22088.044512645185
9_20151027,21707.7851145302
9_20151028,21673.65172173364
9_20151029,22574.427474509044
9_20151030,34092.84712466914
9_20151031,30267.486756489245
9_20151101,31163.834793434475
9_20151102,36352.55608948713
9_20151103,39478.46907128417
9_20151104,29803.93497053991
9_20151105,32126.79402441375
9_20151106,34573.60941239444
9_20151107,39693.05888648098
9_20151108,38763.25335277755
9_20151109,32291.244958519404
9_20151110,26818.12243179614
9_20151111,31411.326514727425
9_20151112,32478.488819392936
9_20151113,32877.826074010256
9_20151114,41408.70318125396
9_20151115,37625.08599783227
9_20151116,27429.821328277278
9_20151117,23828.513223648093
9_20151118,23225.07881505667
9_20151119,23549.986636837595
9_20151120,27150.288399829784
9_20151121,29957.122569693784
9_20151122,25829.12866849518
9_20151123,22571.213775471246
9_20151124,23023.923022717252
9_20151125,23953.387521546254
9_20151126,16000.279168684077
9_20151127,22650.93585245877
9_20151128,24787.615159543922
9_20151129,23456.97763180993
9_20151130,21569.778098157047
9_20151201,28358.677446342044
9_20151202,31634.82256325134
9_20151203,36763.097515254725
9_20151204,31511.201399331014
9_20151205,37240.88428763376
9_20151206,36540.99244924898
9_20151207,28936.826197428396
9_20151208,30459.01470254343
9_20151209,31495.55561918359
9_20151210,27274.866043187245
9_20151211,32159.10823068585
9_20151212,37833.135756035874
9_20151213,33428.60978627907
9_20151214,35067.24712589527
9_20151215,33813.885184150924
9_20151216,27798.959558763567
9_20151217,24668.33812345413
9_20151218,24748.607480766448
9_20151219,27030.0298798704
9_20151220,24869.239640418968
9_20151221,23432.032094862952
9_20151222,22842.05590549592
9_20151223,24136.327738235577
9_20151224,22858.453189778767
9_20151225,0.0
9_20151226,23956.87641514846
9_20151227,20482.085569311974
9_20151228,19850.9583547663
9_20151229,18976.555966609674
9_20151230,21276.5458725851
9_20151231,25521.798946224455
